{"2\/3":116.8406715462,"4":349.9050202564,"5":477.8605504893,"6a":717.1835081307,"6b":909.8772394508,"wm":957.0592130899}